ID,name,stardustCollection,wormholeNavigationSkill,originPlanet,spacesuitColor,department_ID,position_ID,createdAt,createdBy,modifiedAt,modifiedBy
18507204-5d73-4fab-9572-2a079ed5874f,Leia Organa,28,0,Mars,Silver,18351400-387e-45d6-add9-d74782432441,26661478-841d-43c3-b205-4924747dae41,2010-06-13T23:00:00.000Z,createdBy.b0o90@example.net,2015-05-30T23:00:00.000Z,modifiedBy.b0o90@example.net
18507205-d2f7-4151-a24a-64303caefc59,Han Solo,29,46,Venus,Black,18351400-387e-45d6-add9-d74782432441,26661478-841d-43c3-b205-4924747dae41,2002-10-01T23:00:00.000Z,createdBy.b0o91@example.org,2003-12-28T23:00:00.000Z,modifiedBy.b0o91@example.net
18507206-2628-46c8-8a5a-c6763a4ebbc6,Ellen Ripley,18,78,Earth,White,18351400-387e-45d6-add9-d74782432441,26661478-841d-43c3-b205-4924747dae41,2010-07-04T23:00:00.000Z,createdBy.b0o92@example.net,2010-02-12T23:00:00.000Z,modifiedBy.b0o92@example.org
18507207-20f6-4dd9-a5f2-34bc56e41c2a,Spock,57,26,Jupiter,Blue,18351400-387e-45d6-add9-d74782432441,26661478-841d-43c3-b205-4924747dae41,2006-02-03T23:00:00.000Z,createdBy.b0o93@example.com,2003-05-22T23:00:00.000Z,modifiedBy.b0o93@example.com
18507208-e9b3-448a-98ff-063489c8bb21,Jean-Luc Picard,39,65,Saturn,Gold,18351400-387e-45d6-add9-d74782432441,26661478-841d-43c3-b205-4924747dae41,2019-04-29T23:00:00.000Z,createdBy.b0o94@example.org,2021-12-10T23:00:00.000Z,modifiedBy.b0o94@example.com
18507209-2f74-4bb2-a770-af790b2c8e9e,Nyota Uhura,13,65,Mercury,Red,18351400-387e-45d6-add9-d74782432441,26661478-841d-43c3-b205-4924747dae41,2016-09-18T23:00:00.000Z,createdBy.b0o95@example.com,2015-06-16T23:00:00.000Z,modifiedBy.b0o95@example.org
18507210-0bad-4ba2-8125-931edcc1b804,Data,47,77,Neptune,Gray,18351400-387e-45d6-add9-d74782432441,26661478-841d-43c3-b205-4924747dae41,2018-06-20T23:00:00.000Z,createdBy.b0o96@example.net,2020-07-26T23:00:00.000Z,modifiedBy.b0o96@example.com
18507211-626b-4394-91aa-ed71c5141ae8,Rey Skywalker,20,82,Uranus,Yellow,18351400-387e-45d6-add9-d74782432441,26661478-841d-43c3-b205-4924747dae41,2002-11-05T23:00:00.000Z,createdBy.b0o97@example.org,2022-06-01T23:00:00.000Z,modifiedBy.b0o97@example.com
18507212-f0dd-41a1-a18e-62fc47f87b8f,Anakin Skywalker,71,27,Mars,Black,18351400-387e-45d6-add9-d74782432441,26661478-841d-43c3-b205-4924747dae41,2017-10-02T23:00:00.000Z,createdBy.b0o98@example.org,2015-11-01T23:00:00.000Z,modifiedBy.b0o98@example.org
18507213-d596-49ce-9170-36a19892fe5a,Padm√© Amidala,25,83,Venus,Purple,18351400-387e-45d6-add9-d74782432441,26661478-841d-43c3-b205-4924747dae41,2013-02-24T23:00:00.000Z,createdBy.b0o99@example.net,2020-10-01T23:00:00.000Z,modifiedBy.b0o99@example.org
18507214-b9d6-469d-97db-2b98654439a5,James T. Kirk,13,26,Earth,Green,18351400-387e-45d6-add9-d74782432441,26661478-841d-43c3-b205-4924747dae41,2018-08-18T23:00:00.000Z,createdBy.b0o9a@example.net,2012-02-10T23:00:00.000Z,modifiedBy.b0o9a@example.org
18507215-8677-4308-ba20-a0f7a2bb6a3e,Chewbacca,36,38,Mercury,Brown,18351400-387e-45d6-add9-d74782432441,26661478-841d-43c3-b205-4924747dae41,2018-02-06T23:00:00.000Z,createdBy.b0o9b@example.com,2005-11-24T23:00:00.000Z,modifiedBy.b0o9b@example.net
18507216-8ecc-4bfb-9bbb-5908c712e05b,Obi-Wan Kenobi,11,3,Earth,Beige,18351400-387e-45d6-add9-d74782432441,26661478-841d-43c3-b205-4924747dae41,2012-08-17T23:00:00.000Z,createdBy.b0o9c@example.net,2012-03-05T23:00:00.000Z,modifiedBy.b0o9c@example.com
18507217-27c5-4f3b-aff5-3c11d1ac74ee,Luke Skywalker,92,12,Mars,Blue,18351400-387e-45d6-add9-d74782432441,26661478-841d-43c3-b205-4924747dae41,2013-11-06T23:00:00.000Z,createdBy.b0o9d@example.org,2013-09-13T23:00:00.000Z,modifiedBy.b0o9d@example.net
18507218-f313-4bd9-8625-1d490d9f544c,Geordi La Forge,26,44,Earth,Yellow,18351400-387e-45d6-add9-d74782432441,26661478-841d-43c3-b205-4924747dae41,2004-01-07T23:00:00.000Z,createdBy.b0o9e@example.com,2003-06-09T23:00:00.000Z,modifiedBy.b0o9e@example.org
18507219-5608-419a-87ba-3b92f9881d36,Deanna Troi,94,69,Jupiter,Teal,18351400-387e-45d6-add9-d74782432441,26661478-841d-43c3-b205-4924747dae41,2023-08-01T23:00:00.000Z,createdBy.b0o9f@example.org,2023-04-18T23:00:00.000Z,modifiedBy.b0o9f@example.net
18507220-9d93-4918-a7cb-2497a5a57900,Worf,41,39,Earth,Black,18351400-387e-45d6-add9-d74782432441,26661478-841d-43c3-b205-4924747dae41,2005-08-04T23:00:00.000Z,createdBy.b0o9g@example.net,2015-08-08T23:00:00.000Z,modifiedBy.b0o9g@example.net
18507221-1a09-4f67-8b84-06162627c1b4,Will Riker,32,14,Mars,Gray,18351400-387e-45d6-add9-d74782432441,26661478-841d-43c3-b205-4924747dae41,2023-04-29T23:00:00.000Z,createdBy.b0o9h@example.com,2010-11-20T23:00:00.000Z,modifiedBy.b0o9h@example.com
18507222-9165-49a2-8a6b-a5b39644ab1c,Seven of Nine,5,73,Earth,Silver,18351400-387e-45d6-add9-d74782432441,26661478-841d-43c3-b205-4924747dae41,2021-01-12T23:00:00.000Z,createdBy.b0o9i@example.net,2016-04-22T23:00:00.000Z,modifiedBy.b0o9i@example.org
18507223-1a83-4a6b-a777-e6b74e784451,Tom Paris,57,4,Earth,Blue,18351400-387e-45d6-add9-d74782432441,26661478-841d-43c3-b205-4924747dae41,2005-07-26T23:00:00.000Z,createdBy.b0o9j@example.net,2017-07-15T23:00:00.000Z,modifiedBy.b0o9j@example.org
18507224-5858-4edf-b028-398db83b9d5b,Malcolm Reynolds,54,48,Earth,Gold,18351400-387e-45d6-add9-d74782432441,26661478-841d-43c3-b205-4924747dae41,2007-07-22T23:00:00.000Z,createdBy.b0o9k@example.com,2018-05-07T23:00:00.000Z,modifiedBy.b0o9k@example.org
18507225-834c-4fb7-8d6a-5a4f968ef0bf,Kaylee Frye,4,1,Earth,Blue,18351400-387e-45d6-add9-d74782432441,26661478-841d-43c3-b205-4924747dae41,2017-08-24T23:00:00.000Z,createdBy.b0o9l@example.com,2007-07-03T23:00:00.000Z,modifiedBy.b0o9l@example.net
18507226-ea67-42b7-a7fe-e705caba7b92,Tuvok,25,34,Earth,Gray,18351400-387e-45d6-add9-d74782432441,26661478-841d-43c3-b205-4924747dae41,2003-06-30T23:00:00.000Z,createdBy.b0o9m@example.org,2015-01-13T23:00:00.000Z,modifiedBy.b0o9m@example.net
18507227-a2c9-4c66-bd59-110318a1415e,Jayne Cobb,32,91,Mars,White,18351400-387e-45d6-add9-d74782432441,26661478-841d-43c3-b205-4924747dae41,2018-07-06T23:00:00.000Z,createdBy.b0o9n@example.net,2009-05-12T23:00:00.000Z,modifiedBy.b0o9n@example.net
18507228-88b6-4669-a6f4-c06c773db501,Simon Tam,36,93,Earth,Gold,18351400-387e-45d6-add9-d74782432441,26661478-841d-43c3-b205-4924747dae41,2011-11-04T23:00:00.000Z,createdBy.b0o9o@example.org,2017-05-03T23:00:00.000Z,modifiedBy.b0o9o@example.com
18507229-7bde-4de0-a44e-76927d9875c8,River Tam,76,9,Earth,Red,18351400-387e-45d6-add9-d74782432441,26661478-841d-43c3-b205-4924747dae41,2011-01-07T23:00:00.000Z,createdBy.b0o9p@example.com,2017-06-20T23:00:00.000Z,modifiedBy.b0o9p@example.org
18507230-55f9-49e1-86fe-e36f479a752f,Hoban Washburne,53,93,Jupiter,Gold,18351400-387e-45d6-add9-d74782432441,26661478-841d-43c3-b205-4924747dae41,2021-10-27T23:00:00.000Z,createdBy.b0o9q@example.com,2012-12-20T23:00:00.000Z,modifiedBy.b0o9q@example.org
18507231-4297-4ea1-8118-7529a1b8d056,Zoe Washburne,98,96,Mars,White,18351400-387e-45d6-add9-d74782432441,26661478-841d-43c3-b205-4924747dae41,2003-02-27T23:00:00.000Z,createdBy.b0o9r@example.com,2006-06-24T23:00:00.000Z,modifiedBy.b0o9r@example.com
18507232-c1cf-4d5b-b0b3-f1778f968fed,William Adama,19,46,Earth,Blue,18351400-387e-45d6-add9-d74782432441,26661478-841d-43c3-b205-4924747dae41,2003-03-08T23:00:00.000Z,createdBy.b0o9s@example.com,2013-03-10T23:00:00.000Z,modifiedBy.b0o9s@example.net
18507233-d162-4e79-809c-f3d80db5d6f6,Kara Thrace,23,81,Earth,Green,18351400-387e-45d6-add9-d74782432441,26661478-841d-43c3-b205-4924747dae41,2003-08-27T23:00:00.000Z,createdBy.b0o9t@example.com,2023-11-23T23:00:00.000Z,modifiedBy.b0o9t@example.com
18507234-a1c2-4bbe-9177-5f17f81e84f5,Gaius Baltar,33,5,Earth,Red,18351400-387e-45d6-add9-d74782432441,26661478-841d-43c3-b205-4924747dae41,2020-02-17T23:00:00.000Z,createdBy.b0o9u@example.com,2015-07-10T23:00:00.000Z,modifiedBy.b0o9u@example.org
18507235-92d0-469e-a269-7c21d5144a46,Saul Tigh,71,78,Earth,Gold,18351400-387e-45d6-add9-d74782432441,26661478-841d-43c3-b205-4924747dae41,2018-07-09T23:00:00.000Z,createdBy.b0o9v@example.com,2008-06-22T23:00:00.000Z,modifiedBy.b0o9v@example.net
18507236-ed90-414b-b636-3f00e08bed10,Lee Adama,41,24,Earth,Gray,18351400-387e-45d6-add9-d74782432441,26661478-841d-43c3-b205-4924747dae41,2020-08-06T23:00:00.000Z,createdBy.b0o9w@example.net,2022-02-08T23:00:00.000Z,modifiedBy.b0o9w@example.org
18507237-17c9-4152-be45-5d2ef8a6d49b,Chani,82,33,Mars,Black,18351400-387e-45d6-add9-d74782432441,26661478-841d-43c3-b205-4924747dae41,2022-10-22T23:00:00.000Z,createdBy.b0o9x@example.org,2004-07-10T23:00:00.000Z,modifiedBy.b0o9x@example.org
18507238-5089-46fa-88af-5edf8e8036ce,Paul Atreides,41,6,Earth,Green,18351400-387e-45d6-add9-d74782432441,26661478-841d-43c3-b205-4924747dae41,2011-12-25T23:00:00.000Z,createdBy.b0o9y@example.org,2012-04-29T23:00:00.000Z,modifiedBy.b0o9y@example.org
18507239-7d76-4cc7-9ae1-f7a03fe1d93c,Duncan Idaho,44,35,Earth,Red,18351400-387e-45d6-add9-d74782432441,26661478-841d-43c3-b205-4924747dae41,2010-02-03T23:00:00.000Z,createdBy.b0o9z@example.com,2004-04-10T23:00:00.000Z,modifiedBy.b0o9z@example.com
18507240-fad0-461d-a7e7-1a500974634b,Jessica Atreides,42,54,Earth,Gold,18351400-387e-45d6-add9-d74782432441,26661478-841d-43c3-b205-4924747dae41,2008-09-18T23:00:00.000Z,createdBy.b0oa0@example.com,2008-12-17T23:00:00.000Z,modifiedBy.b0oa0@example.net
18507241-3690-4613-af29-8f758e4a9f18,Ender Wiggin,60,98,Mars,White,18351400-387e-45d6-add9-d74782432441,26661478-841d-43c3-b205-4924747dae41,2002-06-22T23:00:00.000Z,createdBy.b0oa1@example.org,2021-05-05T23:00:00.000Z,modifiedBy.b0oa1@example.org
18507242-de69-421e-bf67-23170cd75ca8,Morpheus,51,89,Earth,Black,18351400-387e-45d6-add9-d74782432441,26661478-841d-43c3-b205-4924747dae41,2003-12-26T23:00:00.000Z,createdBy.b0oa2@example.net,2017-02-09T23:00:00.000Z,modifiedBy.b0oa2@example.org
18507243-0a6d-4583-b7f2-a5903bb7748b,Neo,13,68,Earth,Red,18351400-387e-45d6-add9-d74782432441,26661478-841d-43c3-b205-4924747dae41,2017-01-05T23:00:00.000Z,createdBy.b0oa3@example.org,2021-07-16T23:00:00.000Z,modifiedBy.b0oa3@example.net
18507244-42ed-4e77-b6e9-d1c961012f20,Trinity,4,62,Earth,Blue,18351400-387e-45d6-add9-d74782432441,26661478-841d-43c3-b205-4924747dae41,2012-12-12T23:00:00.000Z,createdBy.b0oa4@example.net,2014-02-03T23:00:00.000Z,modifiedBy.b0oa4@example.net
18507245-df00-42ad-8dfa-2018524cdef8,Agent Smith,70,7,Earth,Gold,18351400-387e-45d6-add9-d74782432441,26661478-841d-43c3-b205-4924747dae41,2014-07-23T23:00:00.000Z,createdBy.b0oa5@example.org,2004-07-05T23:00:00.000Z,modifiedBy.b0oa5@example.com
18507246-d267-4a94-ad87-b613511cbfea,Rick Deckard,80,44,Earth,Gray,18351400-387e-45d6-add9-d74782432441,26661478-841d-43c3-b205-4924747dae41,2013-12-09T23:00:00.000Z,createdBy.b0oa6@example.org,2001-01-12T23:00:00.000Z,modifiedBy.b0oa6@example.org
18507247-75ff-4531-8ea1-2cc1e0ff0cd7,Roy Batty,7,78,Mars,Black,18351400-387e-45d6-add9-d74782432441,26661478-841d-43c3-b205-4924747dae41,2008-11-01T23:00:00.000Z,createdBy.b0oa7@example.com,2000-01-04T23:00:00.000Z,modifiedBy.b0oa7@example.net
18507248-9f52-4919-9f2f-08e7db15a4d3,Pris,92,80,Earth,Gold,18351400-387e-45d6-add9-d74782432441,26661478-841d-43c3-b205-4924747dae41,2003-04-15T23:00:00.000Z,createdBy.b0oa8@example.com,2016-04-14T23:00:00.000Z,modifiedBy.b0oa8@example.com
18507249-6a1c-49a8-9e4c-c51618504bf4,Korben Dallas,11,99,Earth,Red,18351400-387e-45d6-add9-d74782432441,26661478-841d-43c3-b205-4924747dae41,2022-08-25T23:00:00.000Z,createdBy.b0oa9@example.net,2007-09-13T23:00:00.000Z,modifiedBy.b0oa9@example.net
18507250-2a39-49a5-9992-e2be4ede5fb9,Trillian,79,81,Earth,Blue,18351400-387e-45d6-add9-d74782432441,26661478-841d-43c3-b205-4924747dae41,2001-10-17T23:00:00.000Z,createdBy.b0oaa@example.com,2000-09-10T23:00:00.000Z,modifiedBy.b0oaa@example.net
18507251-9ec6-4287-80e4-d2ea458deaf2,Reginald Barclay,16,70,Earth,Red,18351400-387e-45d6-add9-d74782432441,26661478-841d-43c3-b205-4924747dae41,2011-12-10T23:00:00.000Z,createdBy.b0oab@example.org,2006-04-23T23:00:00.000Z,modifiedBy.b0oab@example.net
18507252-1989-40b9-9889-1f592e84ba5e,Lore,97,11,Earth,Green,18351400-387e-45d6-add9-d74782432441,26661478-841d-43c3-b205-4924747dae41,2009-10-19T23:00:00.000Z,createdBy.b0oac@example.org,2008-12-11T23:00:00.000Z,modifiedBy.b0oac@example.org
18507253-ccdf-4d4b-ba8e-786da4121fc3,Astra Nova,79,49,Earth,Gold,18351400-387e-45d6-add9-d74782432441,26661478-841d-43c3-b205-4924747dae41,2006-06-28T23:00:00.000Z,createdBy.b0oad@example.net,2002-04-01T23:00:00.000Z,modifiedBy.b0oad@example.com
18507254-ac2a-40a6-961b-be18eb293964,Cassian Voss,18,39,Earth,Blue,18351400-387e-45d6-add9-d74782432441,26661478-841d-43c3-b205-4924747dae41,2012-08-18T23:00:00.000Z,createdBy.b0oae@example.org,2002-12-10T23:00:00.000Z,modifiedBy.b0oae@example.net
18507255-8f4b-406b-b48f-b18368356d5d,Nova Quinn,65,64,Earth,Red,18351400-387e-45d6-add9-d74782432441,26661478-841d-43c3-b205-4924747dae41,2003-12-06T23:00:00.000Z,createdBy.b0oaf@example.net,2000-03-26T23:00:00.000Z,modifiedBy.b0oaf@example.com
18507256-59cf-4119-b443-97a7e81b39fe,Hiro Protagonist,9,19,Earth,Blue,18351400-387e-45d6-add9-d74782432441,26661478-841d-43c3-b205-4924747dae41,2019-05-13T23:00:00.000Z,createdBy.b0oag@example.com,2016-09-30T23:00:00.000Z,modifiedBy.b0oag@example.org
18507257-c4a8-4165-8225-1a6c60628a80,Samus Aran,100,35,Earth,Gold,18351400-387e-45d6-add9-d74782432441,26661478-841d-43c3-b205-4924747dae41,2009-03-30T23:00:00.000Z,createdBy.b0oah@example.com,2009-07-11T23:00:00.000Z,modifiedBy.b0oah@example.com
18507258-a393-4efd-bee3-cfb95a8a9fa1,Kellan Vex,63,92,Earth,Red,18351400-387e-45d6-add9-d74782432441,26661478-841d-43c3-b205-4924747dae41,2011-11-30T23:00:00.000Z,createdBy.b0oai@example.org,2020-11-22T23:00:00.000Z,modifiedBy.b0oai@example.com
18507259-62b2-4b94-8070-265ed3eecef5,Sera Tyn,55,89,Earth,Gold,18351400-387e-45d6-add9-d74782432441,26661478-841d-43c3-b205-4924747dae41,2011-01-06T23:00:00.000Z,createdBy.b0oaj@example.org,2006-02-21T23:00:00.000Z,modifiedBy.b0oaj@example.org
18507260-f320-460f-b589-54a449de5d43,Rho Tal,17,41,Earth,Blue,18351400-387e-45d6-add9-d74782432441,26661478-841d-43c3-b205-4924747dae41,2023-09-24T23:00:00.000Z,createdBy.b0oak@example.org,2005-08-13T23:00:00.000Z,modifiedBy.b0oak@example.org
18507261-cd5f-4dd1-9fb1-cd2514438414,Mira Voss,86,35,Earth,Green,18351400-387e-45d6-add9-d74782432441,26661478-841d-43c3-b205-4924747dae41,2003-02-10T23:00:00.000Z,createdBy.b0oal@example.com,2017-04-04T23:00:00.000Z,modifiedBy.b0oal@example.net
18507262-e4ef-4529-8160-e8e5986a4c43,Talon Krev,16,42,Earth,Gray,18351400-387e-45d6-add9-d74782432441,26661478-841d-43c3-b205-4924747dae41,2005-12-30T23:00:00.000Z,createdBy.b0oam@example.com,2000-11-14T23:00:00.000Z,modifiedBy.b0oam@example.net
18507263-1db9-4550-99a7-d139f6c3e09e,Lyra Umber,8,30,Earth,Red,18351400-387e-45d6-add9-d74782432441,26661478-841d-43c3-b205-4924747dae41,2023-11-18T23:00:00.000Z,createdBy.b0oan@example.com,2014-09-22T23:00:00.000Z,modifiedBy.b0oan@example.org
18507264-d27e-466f-9ee1-5e9569c71cf8,Jax Solaris,93,40,Earth,Gold,18351400-387e-45d6-add9-d74782432441,26661478-841d-43c3-b205-4924747dae41,2007-03-22T23:00:00.000Z,createdBy.b0oao@example.org,2012-04-02T23:00:00.000Z,modifiedBy.b0oao@example.net
18507265-ae77-4170-b165-790fc23972ba,Vira Kest,29,44,Earth,Blue,18351400-387e-45d6-add9-d74782432441,26661478-841d-43c3-b205-4924747dae41,2004-08-03T23:00:00.000Z,createdBy.b0oap@example.com,2013-01-21T23:00:00.000Z,modifiedBy.b0oap@example.net
18507266-d6e5-4579-a3b9-276df6affc95,Corin Hale,99,81,Earth,Gold,18351400-387e-45d6-add9-d74782432441,26661478-841d-43c3-b205-4924747dae41,2009-02-16T23:00:00.000Z,createdBy.b0oaq@example.org,2015-12-05T23:00:00.000Z,modifiedBy.b0oaq@example.org
18507267-814f-41ff-ab6b-1d7cd8f468de,Elara Morn,26,44,Earth,Red,18351400-387e-45d6-add9-d74782432441,26661478-841d-43c3-b205-4924747dae41,2020-11-18T23:00:00.000Z,createdBy.b0oar@example.com,2003-07-15T23:00:00.000Z,modifiedBy.b0oar@example.org
18507268-eddf-4c5e-ae7e-01bd2f4b1d3d,Juno Stray,62,17,Earth,Green,18351400-387e-45d6-add9-d74782432441,26661478-841d-43c3-b205-4924747dae41,2021-04-21T23:00:00.000Z,createdBy.b0oas@example.com,2000-09-28T23:00:00.000Z,modifiedBy.b0oas@example.com
18507269-4131-46ca-bf5c-0b73c61919f0,Aric Volen,74,44,Earth,Gold,18351400-387e-45d6-add9-d74782432441,26661478-841d-43c3-b205-4924747dae41,2017-11-22T23:00:00.000Z,createdBy.b0oat@example.com,2020-10-25T23:00:00.000Z,modifiedBy.b0oat@example.net
18507270-4af6-4fd5-a9d1-6e2803d60867,Vexa Dray,99,8,Earth,Blue,18351400-387e-45d6-add9-d74782432441,26661478-841d-43c3-b205-4924747dae41,2009-02-11T23:00:00.000Z,createdBy.b0oau@example.org,2019-12-28T23:00:00.000Z,modifiedBy.b0oau@example.net
18507271-4bdc-4d84-880c-d62f8a4ef4e0,Kael Rendar,84,78,Earth,Red,18351400-387e-45d6-add9-d74782432441,26661478-841d-43c3-b205-4924747dae41,2018-05-03T23:00:00.000Z,createdBy.b0oav@example.net,2002-12-25T23:00:00.000Z,modifiedBy.b0oav@example.com
18507272-7b7a-410d-ab35-6e1aca19bb02,Nira Solace,5,88,Earth,Green,18351400-387e-45d6-add9-d74782432441,26661478-841d-43c3-b205-4924747dae41,2022-06-17T23:00:00.000Z,createdBy.b0oaw@example.net,2004-01-28T23:00:00.000Z,modifiedBy.b0oaw@example.org
18507273-61a5-4475-abfc-e808f8ceb35f,Thane Korr,55,3,Earth,Blue,18351400-387e-45d6-add9-d74782432441,26661478-841d-43c3-b205-4924747dae41,2013-08-07T23:00:00.000Z,createdBy.b0oax@example.net,2014-06-21T23:00:00.000Z,modifiedBy.b0oax@example.com
18507274-f33d-43c3-ba3b-b8494801f0e0,Mira Calix,77,78,Earth,Gold,18351400-387e-45d6-add9-d74782432441,26661478-841d-43c3-b205-4924747dae41,2007-06-08T23:00:00.000Z,createdBy.b0oay@example.net,2002-08-30T23:00:00.000Z,modifiedBy.b0oay@example.net
18507275-af32-4734-8416-5cb93f44d1ef,Solen Reeve,74,72,Earth,Red,18351400-387e-45d6-add9-d74782432441,26661478-841d-43c3-b205-4924747dae41,2012-04-19T23:00:00.000Z,createdBy.b0oaz@example.com,2015-07-14T23:00:00.000Z,modifiedBy.b0oaz@example.com
18507276-18a3-40df-8a58-b6eaa79c2e1e,Pax Arden,13,6,Earth,Blue,18351400-387e-45d6-add9-d74782432441,26661478-841d-43c3-b205-4924747dae41,2020-05-13T23:00:00.000Z,createdBy.b0ob0@example.com,2016-05-20T23:00:00.000Z,modifiedBy.b0ob0@example.org
18507277-0d7a-4816-b44a-3e3312b4dfc1,Lyra Vex,77,20,Earth,Green,18351400-387e-45d6-add9-d74782432441,26661478-841d-43c3-b205-4924747dae41,2010-12-30T23:00:00.000Z,createdBy.b0ob1@example.net,2010-01-29T23:00:00.000Z,modifiedBy.b0ob1@example.net
18507278-c706-4507-a7e8-672049c04b0d,Toren Skye,92,87,Earth,Gold,18351400-387e-45d6-add9-d74782432441,26661478-841d-43c3-b205-4924747dae41,2006-03-11T23:00:00.000Z,createdBy.b0ob2@example.com,2019-07-30T23:00:00.000Z,modifiedBy.b0ob2@example.com
18507279-0a76-4791-8397-b28b16631792,Edda Ril,76,15,Earth,Red,18351400-387e-45d6-add9-d74782432441,26661478-841d-43c3-b205-4924747dae41,2021-01-21T23:00:00.000Z,createdBy.b0ob3@example.org,2014-06-23T23:00:00.000Z,modifiedBy.b0ob3@example.org
18507280-37e1-4a76-a736-d5745bf93808,Bex Ardan,43,27,Earth,Blue,18351400-387e-45d6-add9-d74782432441,26661478-841d-43c3-b205-4924747dae41,2012-03-10T23:00:00.000Z,createdBy.b0ob4@example.com,2005-10-16T23:00:00.000Z,modifiedBy.b0ob4@example.org
18507281-6f45-4c5d-b968-67b058c0759d,Zane Kaito,73,29,Earth,Gold,18351400-387e-45d6-add9-d74782432441,26661478-841d-43c3-b205-4924747dae41,2002-02-21T23:00:00.000Z,createdBy.b0ob5@example.org,2005-06-10T23:00:00.000Z,modifiedBy.b0ob5@example.org
18507282-c1ab-4d44-ab94-320bccdb2393,Freya Lorne,47,72,Earth,Blue,18351400-387e-45d6-add9-d74782432441,26661478-841d-43c3-b205-4924747dae41,2001-06-19T23:00:00.000Z,createdBy.b0ob6@example.org,2002-12-18T23:00:00.000Z,modifiedBy.b0ob6@example.com
18507283-658c-4f86-bf90-155f192515c3,Rian Voss,41,9,Earth,Red,18351400-387e-45d6-add9-d74782432441,26661478-841d-43c3-b205-4924747dae41,2018-07-19T23:00:00.000Z,createdBy.b0ob7@example.net,2017-09-20T23:00:00.000Z,modifiedBy.b0ob7@example.org
18507284-8a16-4ab0-bf20-b098ae1e2d64,Lira Zenith,42,59,Earth,Gold,18351400-387e-45d6-add9-d74782432441,26661478-841d-43c3-b205-4924747dae41,2017-10-23T23:00:00.000Z,createdBy.b0ob8@example.com,2010-08-03T23:00:00.000Z,modifiedBy.b0ob8@example.org
18507285-db7d-4f60-bb20-dc95fcc1361c,Cael Draven,73,83,Earth,Green,18351400-387e-45d6-add9-d74782432441,26661478-841d-43c3-b205-4924747dae41,2022-10-19T23:00:00.000Z,createdBy.b0ob9@example.com,2001-06-18T23:00:00.000Z,modifiedBy.b0ob9@example.net
18507286-3005-4c21-9d55-d0b0d8dcf2fc,Nyx Ardan,50,62,Earth,Gray,18351400-387e-45d6-add9-d74782432441,26661478-841d-43c3-b205-4924747dae41,2022-02-20T23:00:00.000Z,createdBy.b0oba@example.com,2016-05-02T23:00:00.000Z,modifiedBy.b0oba@example.com
18507287-1d35-4e8f-b9a0-f90b54dca615,Tess Ardin,86,29,Earth,Blue,18351400-387e-45d6-add9-d74782432441,26661478-841d-43c3-b205-4924747dae41,2000-01-28T23:00:00.000Z,createdBy.b0obb@example.com,2005-11-10T23:00:00.000Z,modifiedBy.b0obb@example.org
18507288-dd6b-41f5-bc2d-8a06cf98b080,Milo Quen,78,74,Earth,Gold,18351400-387e-45d6-add9-d74782432441,26661478-841d-43c3-b205-4924747dae41,2010-03-15T23:00:00.000Z,createdBy.b0obc@example.org,2008-10-17T23:00:00.000Z,modifiedBy.b0obc@example.org
18507289-4299-489d-bb76-4bff3117d69f,Elys Kade,100,39,Earth,Gold,18351400-387e-45d6-add9-d74782432441,26661478-841d-43c3-b205-4924747dae41,2014-09-05T23:00:00.000Z,createdBy.b0obd@example.com,2015-04-24T23:00:00.000Z,modifiedBy.b0obd@example.org
18507290-2a6c-48e3-aba9-a08b28849bbb,Vira Sol,83,43,Earth,Red,18351400-387e-45d6-add9-d74782432441,26661478-841d-43c3-b205-4924747dae41,2018-01-26T23:00:00.000Z,createdBy.b0obe@example.org,2012-02-16T23:00:00.000Z,modifiedBy.b0obe@example.org
18507291-9039-47a3-b06a-4c864ea041ad,Remus Vale,12,17,Earth,Blue,18351400-387e-45d6-add9-d74782432441,26661478-841d-43c3-b205-4924747dae41,2019-11-26T23:00:00.000Z,createdBy.b0obf@example.org,2022-06-15T23:00:00.000Z,modifiedBy.b0obf@example.org
18507292-7c45-49b5-b61d-9f1124361438,Nyx Ardan,16,2,Earth,Green,18351400-387e-45d6-add9-d74782432441,26661478-841d-43c3-b205-4924747dae41,2004-02-08T23:00:00.000Z,createdBy.b0obg@example.com,2022-04-27T23:00:00.000Z,modifiedBy.b0obg@example.com
18507293-8e4a-4dfa-bdd8-c1ecbbbd6de0,Tess Ardin,85,24,Earth,Blue,18351400-387e-45d6-add9-d74782432441,26661478-841d-43c3-b205-4924747dae41,2010-04-11T23:00:00.000Z,createdBy.b0obh@example.net,2005-09-04T23:00:00.000Z,modifiedBy.b0obh@example.org
18507294-0346-44d2-bab9-487ada49e830,Milo Quen,66,76,Earth,Gold,18351400-387e-45d6-add9-d74782432441,26661478-841d-43c3-b205-4924747dae41,2005-12-30T23:00:00.000Z,createdBy.b0obi@example.org,2015-05-22T23:00:00.000Z,modifiedBy.b0obi@example.net
18507295-2ca2-498d-866e-a2ffe9ed2b66,Sable Morn,0,72,Earth,Gray,18351400-387e-45d6-add9-d74782432441,26661478-841d-43c3-b205-4924747dae41,2016-12-20T23:00:00.000Z,createdBy.b0obj@example.net,2011-07-22T23:00:00.000Z,modifiedBy.b0obj@example.net
18507296-b54e-4cbd-8a05-ecd660195a95,Orin Vale,41,74,Earth,Gold,18351400-387e-45d6-add9-d74782432441,26661478-841d-43c3-b205-4924747dae41,2023-08-07T23:00:00.000Z,createdBy.b0obk@example.net,2006-03-21T23:00:00.000Z,modifiedBy.b0obk@example.net
18507297-0b81-443c-88c7-4804f470cfe4,Vela Kyr,96,35,Earth,Red,18351400-387e-45d6-add9-d74782432441,26661478-841d-43c3-b205-4924747dae41,2014-03-11T23:00:00.000Z,createdBy.b0obl@example.com,2009-10-22T23:00:00.000Z,modifiedBy.b0obl@example.com
18507298-4db7-4850-8dea-5efdac75a0c5,Dax Rendar,80,20,Earth,Green,18351400-387e-45d6-add9-d74782432441,26661478-841d-43c3-b205-4924747dae41,2001-06-28T23:00:00.000Z,createdBy.b0obm@example.org,2021-11-04T23:00:00.000Z,modifiedBy.b0obm@example.net
18507299-62c2-4ba3-9370-1cc1b1ec61da,Sera Lune,58,18,Earth,Blue,18351400-387e-45d6-add9-d74782432441,26661478-841d-43c3-b205-4924747dae41,2015-02-23T23:00:00.000Z,createdBy.b0obn@example.com,2003-03-05T23:00:00.000Z,modifiedBy.b0obn@example.org
18507300-277c-4236-aa72-a0a971e384aa,Kaida Rell,15,5,Earth,Red,18351400-387e-45d6-add9-d74782432441,26661478-841d-43c3-b205-4924747dae41,2017-04-01T23:00:00.000Z,createdBy.b0obo@example.org,2016-04-09T23:00:00.000Z,modifiedBy.b0obo@example.com
18507301-9149-4cfd-ace1-3f88d71359e3,Rook Valen,35,15,Earth,Blue,18351400-387e-45d6-add9-d74782432441,26661478-841d-43c3-b205-4924747dae41,2023-10-26T23:00:00.000Z,createdBy.b0obp@example.org,2020-12-20T23:00:00.000Z,modifiedBy.b0obp@example.net
18507302-9724-4dde-a89b-a3fea7f86f8b,Nyra Sol,28,9,Earth,Green,18351400-387e-45d6-add9-d74782432441,26661478-841d-43c3-b205-4924747dae41,2011-12-09T23:00:00.000Z,createdBy.b0obq@example.com,2023-11-05T23:00:00.000Z,modifiedBy.b0obq@example.net
18507303-773d-4ea4-a13e-bf798cd9004e,Echo Maren,92,59,Earth,Gold,18351400-387e-45d6-add9-d74782432441,26661478-841d-43c3-b205-4924747dae41,2010-04-08T23:00:00.000Z,createdBy.b0obr@example.net,2018-09-30T23:00:00.000Z,modifiedBy.b0obr@example.org