ID,name,description
18351400-387e-45d6-add9-d74782432441,name-18351400,description-18351400
29844658-0566-44c8-b815-52c8a99b5efb,name-29844658,description-29844658
29844659-9c16-43a1-b4a1-514fb3d6998a,name-29844659,description-29844659
29844660-c66e-4a0d-8bb1-9963f645899d,name-29844660,description-29844660
29844661-6332-4ed1-88b8-78f4560ff393,name-29844661,description-29844661
29844662-90f7-47d5-b8e2-ade524e4f794,name-29844662,description-29844662
29844663-ac1f-4ac7-9305-07c6743bec47,name-29844663,description-29844663
29844664-428a-448e-8211-0163b080a61a,name-29844664,description-29844664
29844665-1275-427b-9d64-4fd406dc45af,name-29844665,description-29844665
29844666-440c-459d-9131-369e2c71b2af,name-29844666,description-29844666
29844667-252f-4641-89c5-88894a539757,name-29844667,description-29844667
29844668-18fd-45a0-98b3-2d24fd16d06c,name-29844668,description-29844668
29844669-fb5e-44d4-a1fd-c4991896ad8c,name-29844669,description-29844669
29844670-6cec-4e93-ac57-73dfad7131d7,name-29844670,description-29844670
29844671-9c46-4aa4-b242-7a395f57baa7,name-29844671,description-29844671
29844672-846c-48e8-b56f-da58781e8cd2,name-29844672,description-29844672
29844673-045c-444b-8b3e-b21b15f50b81,name-29844673,description-29844673
29844674-5edf-486c-a659-969cb4b45576,name-29844674,description-29844674
29844675-b517-4ca0-8af3-3bc343155fbb,name-29844675,description-29844675
29844676-f8e0-421e-a4ba-44c6359dd961,name-29844676,description-29844676
29844677-517f-4e5e-a558-c88ff0d965a9,name-29844677,description-29844677
29844678-d81e-47a2-9f53-f54f33fc871d,name-29844678,description-29844678
29844679-3648-4f1d-9cc6-2edd18c7fbbc,name-29844679,description-29844679
29844680-734e-48df-ac2e-b47a6aca2b5f,name-29844680,description-29844680
29844681-5e80-47c4-a6f3-6ac7c5677d65,name-29844681,description-29844681
29844682-686b-4897-a436-1e35e9c09ce4,name-29844682,description-29844682
29844683-4d38-4712-8876-0bf47f524e82,name-29844683,description-29844683
29844684-c990-481d-9b82-5a45201327c6,name-29844684,description-29844684
29844685-fe45-4394-9f43-6d59a2c0829e,name-29844685,description-29844685
29844686-118d-4569-a375-58125332dbe2,name-29844686,description-29844686
29844687-809b-4d8e-bc31-b784a0678b67,name-29844687,description-29844687
29844688-6cb2-4804-88cc-3ad675dd50c8,name-29844688,description-29844688
29844689-b144-486f-aa2b-356ce3a7ce5c,name-29844689,description-29844689
29844690-d7c7-4ded-966f-8cf8deae3484,name-29844690,description-29844690
29844691-75fa-4d1b-8661-1fbb974a54ef,name-29844691,description-29844691
29844692-a7b1-4a90-adc7-ac54a8c602a3,name-29844692,description-29844692
29844693-9499-4a74-9612-156492b002b3,name-29844693,description-29844693
29844694-1bc4-4a1c-a336-5f6c93e20df1,name-29844694,description-29844694
29844695-b44b-42f7-afdd-a7b9eaeca31f,name-29844695,description-29844695
29844696-616e-4f13-b8e4-16b6467d9072,name-29844696,description-29844696
29844697-b92e-4228-b9ad-876d602779b9,name-29844697,description-29844697
29844698-51cb-4cf8-806f-fc7200e96eec,name-29844698,description-29844698
29844699-ab97-424f-948e-330f0487c60e,name-29844699,description-29844699
29844700-f7e4-4f66-b109-103087262f2b,name-29844700,description-29844700
29844701-ad51-408a-9f31-b733edcdd894,name-29844701,description-29844701
29844702-e2ae-48cc-a0db-890c2850a5a5,name-29844702,description-29844702
29844703-bc3f-49be-92d1-eac04d4e668d,name-29844703,description-29844703
29844704-9281-42b0-b667-225c967b7301,name-29844704,description-29844704
29844705-0484-4260-a5a1-70fc5a4fea77,name-29844705,description-29844705
29844706-0112-47d6-89ca-e4e4b1e3d5bd,name-29844706,description-29844706
29844707-70ad-406c-898b-810b6f774c00,name-29844707,description-29844707
29844708-f0a0-42da-8e84-f4bf84934855,name-29844708,description-29844708
29844709-340d-47eb-8503-76b625c89bed,name-29844709,description-29844709
29844710-04ea-4bd4-b76d-f2c5de273243,name-29844710,description-29844710
29844711-1f3d-4e79-addb-ca19a64900c9,name-29844711,description-29844711
29844712-1a95-43af-a583-63758e739a94,name-29844712,description-29844712
29844713-fb7f-4349-9247-33463739b69a,name-29844713,description-29844713
29844714-4302-4d7f-9493-f26f5d703d69,name-29844714,description-29844714
29844715-f070-43c9-a3bf-ef65dc892e7f,name-29844715,description-29844715
29844716-c3e6-43ba-9187-91182fd3947c,name-29844716,description-29844716
29844717-d907-4d6c-8044-ca24a2ed4970,name-29844717,description-29844717
29844718-f764-4cff-a319-303c87438ff0,name-29844718,description-29844718
29844719-2c94-4e66-9fc6-209a01e96b34,name-29844719,description-29844719
29844720-ffdf-4307-9af4-44ed42d31090,name-29844720,description-29844720
29844721-b634-4947-b7f7-1057afeae9ff,name-29844721,description-29844721
29844722-7575-4314-b1d6-8d85e66df35e,name-29844722,description-29844722
29844723-aeb3-4386-ad20-5daa439c8149,name-29844723,description-29844723
29844724-6747-4358-b8c4-9fe0e4ccd863,name-29844724,description-29844724
29844725-0788-4469-983b-ffb60df2a34d,name-29844725,description-29844725
29844726-4372-4b7b-bf97-7ab0d39ae3be,name-29844726,description-29844726
29844727-7af4-4732-acd1-b599a94f16ff,name-29844727,description-29844727
29844728-1e1d-48d1-807f-3495a0d79ff6,name-29844728,description-29844728
29844729-dc34-4de1-afed-8154988f50d3,name-29844729,description-29844729
29844730-0553-49ee-a9e9-6019c84eb90c,name-29844730,description-29844730
29844731-51b1-4e0e-ac1a-a03d620c2a14,name-29844731,description-29844731
29844732-e6b7-43cf-91d6-87545d3b574f,name-29844732,description-29844732
29844733-3e11-401e-83a8-dffb3dd65d78,name-29844733,description-29844733
29844734-6635-46f4-a4a6-ba650c6e95c7,name-29844734,description-29844734
29844735-5e64-4453-aaad-6de9862ae289,name-29844735,description-29844735
29844736-2c94-4d1e-bb66-62842077f010,name-29844736,description-29844736
29844737-ab52-4690-8cde-ac95a6df7ef5,name-29844737,description-29844737
29844738-5a87-424e-a5e9-1f376086f04a,name-29844738,description-29844738
29844739-8df4-4ab9-a1f4-a0f0006b959f,name-29844739,description-29844739
29844740-0046-4341-950d-c0931cde5d92,name-29844740,description-29844740
29844741-f858-4450-993a-f1ccd14f4aea,name-29844741,description-29844741
29844742-943f-49b9-9309-7a515af54094,name-29844742,description-29844742
29844743-5371-4e5d-be87-3509f6ec02a1,name-29844743,description-29844743
29844744-1682-4391-a4d3-d062bf97ca1b,name-29844744,description-29844744
29844745-b1e9-4982-ac70-168cf26cbcf7,name-29844745,description-29844745
29844746-904a-4e5b-b9e1-e80a19de2e54,name-29844746,description-29844746
29844747-378d-4756-b906-4c7db4bdd893,name-29844747,description-29844747
29844748-7ec3-496f-920b-11aeeb83e180,name-29844748,description-29844748
29844749-a3e4-4e36-978f-d6e9ec403fe8,name-29844749,description-29844749
29844750-4ef1-4da7-9c4a-5842b1df7a05,name-29844750,description-29844750
29844751-e655-455d-b31d-22d2dd2c90dd,name-29844751,description-29844751
29844752-3579-4cb2-b307-d044a8b45930,name-29844752,description-29844752
29844753-bb61-430f-9181-0dfe7688f6b8,name-29844753,description-29844753
29844754-1656-475d-b1c1-82cb0dfb05fc,name-29844754,description-29844754
29844755-481a-4a63-a56b-d519b171df8e,name-29844755,description-29844755
29844756-ad25-4d19-9c94-1ec5c215e9d0,name-29844756,description-29844756