ID,title,rank
11638336-5173-4566-bd76-10475fd39e3e,title-11638336,56
44945309-bdc6-40f5-ba4a-690a741d05ff,title-4494530,62
44945318-30bb-40cb-90b1-26e26815b506,title-4494531,14
4494532f-337e-4bb2-92c1-5bd21a0cd305,title-4494532,81
4494533d-34dc-4da0-aca9-f9685db5f96f,title-4494533,93
44945341-e6c0-4ec9-8f36-79de5bbec7bd,title-4494534,74
44945353-0b27-461b-b93d-64c15a9f0a2e,title-4494535,12
44945360-4825-4885-9ea9-2a794226e152,title-4494536,71
44945378-cbf3-4131-93bc-50c760446ff8,title-4494537,90
4494538a-ce40-4584-915d-1e35193d2cbd,title-4494538,94